CustomerID,FirstName,LastName,Email,PhoneNumber,Address,City,State,Country,ZipCode,DateOfBirth,Gender,RegistrationDate
1,John,Doe,john.doe@example.com,123-456-7890,123 Elm St,Springfield,IL,USA,62701,1985-01-15,Male,2023-01-01
2,Jane,Smith,jane.smith@example.com,987-654-3210,456 Maple St,Columbus,OH,USA,43215,1990-02-20,Female,2023-01-02
3,Jim,Beam,jim.beam@example.com,555-123-4567,789 Oak St,Austin,TX,USA,73301,1982-03-25,Male,2023-01-03
4,Alice,Johnson,alice.johnson@example.com,111-222-3333,321 Pine St,Denver,CO,USA,80201,1995-04-10,Female,2023-01-04
5,Bob,Brown,bob.brown@example.com,444-555-6666,654 Cedar St,Seattle,WA,USA,98101,1988-05-05,Male,2023-01-05
6,Charlie,Davis,charlie.davis@example.com,222-333-4444,789 Birch St,San Francisco,CA,USA,94101,1992-06-15,Male,2023-01-06
7,Diana,Evans,diana.evans@example.com,333-444-5555,321 Chestnut St,New York,NY,USA,10001,1989-07-20,Female,2023-01-07
8,Eve,Wilson,eve.wilson@example.com,444-555-6666,456 Willow St,Los Angeles,CA,USA,90001,1993-08-25,Female,2023-01-08
9,Frank,Garcia,frank.garcia@example.com,555-666-7777,123 Peach St,Chicago,IL,USA,60601,1987-09-30,Male,2023-01-09
10,Grace,Miller,grace.miller@example.com,666-777-8888,789 Pear St,Houston,TX,USA,77001,1994-10-10,Female,2023-01-10
11,Linda,Anderson,linda.anderson@example.com,777-888-9999,321 Elm St,Springfield,IL,USA,62701,1986-11-15,Female,2023-01-11
12,Tom,Thomas,tom.thomas@example.com,888-999-0000,456 Maple St,Columbus,OH,USA,43215,1985-12-20,Male,2023-01-12
13,Jerry,Jackson,jerry.jackson@example.com,999-000-1111,789 Oak St,Austin,TX,USA,73301,1984-01-25,Male,2023-01-13
14,Anna,Lee,anna.lee@example.com,000-111-2222,321 Pine St,Denver,CO,USA,80201,1989-02-30,Female,2023-01-14
15,Sophia,Harris,sophia.harris@example.com,111-222-3333,654 Cedar St,Seattle,WA,USA,98101,1983-03-05,Female,2023-01-15
16,John,Doe,john.doe2@example.com,123-456-7890,123 Elm St,Springfield,IL,USA,62701,1985-01-15,Male,2023-01-16
17,Jane,Smith,jane.smith2@example.com,987-654-3210,456 Maple St,Columbus,OH,USA,43215,1990-02-20,Female,2023-01-17
18,Jim,Beam,jim.beam2@example.com,555-123-4567,789 Oak St,Austin,TX,USA,73301,1982-03-25,Male,2023-01-18
19,Alice,Johnson,alice.johnson2@example.com,111-222-3333,321 Pine St,Denver,CO,USA,80201,1995-04-10,Female,2023-01-19
20,Bob,Brown,bob.brown2@example.com,444-555-6666,654 Cedar St,Seattle,WA,USA,98101,1988-05-05,Male,2023-01-20
21,Charlie,Davis,charlie.davis2@example.com,222-333-4444,789 Birch St,San Francisco,CA,USA,94101,1992-06-15,Male,2023-01-21
22,Diana,Evans,diana.evans2@example.com,333-444-5555,321 Chestnut St,New York,NY,USA,10001,1989-07-20,Female,2023-01-22
23,Eve,Wilson,eve.wilson2@example.com,444-555-6666,456 Willow St,Los Angeles,CA,USA,90001,1993-08-25,Female,2023-01-23
24,Frank,Garcia,frank.garcia2@example.com,555-666-7777,123 Peach St,Chicago,IL,USA,60601,1987-09-30,Male,2023-01-24
25,Grace,Miller,grace.miller2@example.com,666-777-8888,789 Pear St,Houston,TX,USA,77001,1994-10-10,Female,2023-01-25
26,Linda,Anderson,linda.anderson2@example.com,777-888-9999,321 Elm St,Springfield,IL,USA,62701,1986-11-15,Female,2023-01-26
27,Tom,Thomas,tom.thomas2@example.com,888-999-0000,456 Maple St,Columbus,OH,USA,43215,1985-12-20,Male,2023-01-27
28,Jerry,Jackson,jerry.jackson2@example.com,999-000-1111,789 Oak St,Austin,TX,USA,73301,1984-01-25,Male,2023-01-28
29,Anna,Lee,anna.lee2@example.com,000-111-2222,321 Pine St,Denver,CO,USA,80201,1989-02-30,Female,2023-01-29
30,Sophia,Harris,sophia.harris2@example.com,111-222-3333,654 Cedar St,Seattle,WA,USA,98101,1983-03-05,Female,2023-01-30
31,John,Doe,john.doe3@example.com,123-456-7890,123 Elm St,Springfield,IL,USA,62701,1985-01-15,Male,2023-01-31
32,Jane,Smith,jane.smith3@example.com,987-654-3210,456 Maple St,Columbus,OH,USA,43215,1990-02-20,Female,2023-02-01
33,Jim,Beam,jim.beam3@example.com,555-123-4567,789 Oak St,Austin,TX,USA,73301,1982-03-25,Male,2023-02-02
34,Alice,Johnson,alice.johnson3@example.com,111-222-3333,321 Pine St,Denver,CO,USA,80201,1995-04-10,Female,2023-02-03
35,Bob,Brown,bob.brown3@example.com,444-555-6666,654 Cedar St,Seattle,WA,USA,98101,1988-05-05,Male,2023-02-04
36,Charlie,Davis,charlie.davis3@example.com,222-333-4444,789 Birch St,San Francisco,CA,USA,94101,1992-06-15,Male,2023-02-05
37,Diana,Evans,diana.evans3@example.com,333-444-5555,321 Chestnut St,New York,NY,USA,10001,1989-07-20,Female,2023-02-06
38,Eve,Wilson,eve.wilson3@example.com,444-555-6666,456 Willow St,Los Angeles,CA,USA,90001,1993-08-25,Female,2023-02-07
39,Frank,Garcia,frank.garcia3@example.com,555-666-7777,123 Peach St,Chicago,IL,USA,60601,1987-09-30,Male,2023-02-08
40,Grace,Miller,grace.miller3@example.com,666-777-8888,789 Pear St,Houston,TX,USA,77001,1994-10-10,Female,2023-02-09
41,Linda,Anderson,linda.anderson3@example.com,777-888-9999,321 Elm St,Springfield,IL,USA,62701,1986-11-15,Female,2023-02-10
42,Tom,Thomas,tom.thomas3@example.com,888-999-0000,456 Maple St,Columbus,OH,USA,43215,1985-12-20,Male,2023-02-11
43,Jerry,Jackson,jerry.jackson3@example.com,999-000-1111,789 Oak St,Austin,TX,USA,73301,1984-01-25,Male,2023-02-12
44,Anna,Lee,anna.lee3@example.com,000-111-2222,321 Pine St,Denver,CO,USA,80201,1989-02-30,Female,2023-02-13
45,Sophia,Harris,sophia.harris3@example.com,111-222-3333,654 Cedar St,Seattle,WA,USA,98101,1983-03-05,Female,2023-02-14
46,John,Doe,john.doe4@example.com,123-456-7890,123 Elm St,Springfield,IL,USA,62701,1985-01-15,Male,2023-02-15
47,Jane,Smith,jane.smith4@example.com,987-654-3210,456 Maple St,Columbus,OH,USA,43215,1990-02-20,Female,2023-02-16
48,Jim,Beam,jim.beam4@example.com,555-123-4567,789 Oak St,Austin,TX,USA,73301,1982-03-25,Male,2023-02-17
49,Alice,Johnson,alice.johnson4@example.com,111-222-3333,321 Pine St,Denver,CO,USA,80201,1995-04-10,Female,2023-02-18
50,Bob,Brown,bob.brown4@example.com,444-555-6666,654 Cedar St,Seattle,WA,USA,98101,1988-05-05,Male,2023-02-19
51,Charlie,Davis,charlie.davis4@example.com,222-333-4444,789 Birch St,San Francisco,CA,USA,94101,1992-06-15,Male,2023-02-20
52,Diana,Evans,diana.evans4@example.com,333-444-5555,321 Chestnut St,New York,NY,USA,10001,1989-07-20,Female,2023-02-21
53,Eve,Wilson,eve.wilson4@example.com,444-555-6666,456 Willow St,Los Angeles,CA,USA,90001,1993-08-25,Female,2023-02-22
54,Frank,Garcia,frank.garcia4@example.com,555-666-7777,123 Peach St,Chicago,IL,USA,60601,1987-09-30,Male,2023-02-23
55,Grace,Miller,grace.miller4@example.com,666-777-8888,789 Pear St,Houston,TX,USA,77001,1994-10-10,Female,2023-02-24
56,Linda,Anderson,linda.anderson4@example.com,777-888-9999,321 Elm St,Springfield,IL,USA,62701,1986-11-15,Female,2023-02-25
57,Tom,Thomas,tom.thomas4@example.com,888-999-0000,456 Maple St,Columbus,OH,USA,43215,1985-12-20,Male,2023-02-26
58,Jerry,Jackson,jerry.jackson4@example.com,999-000-1111,789 Oak St,Austin,TX,USA,73301,1984-01-25,Male,2023-02-27
59,Anna,Lee,anna.lee4@example.com,000-111-2222,321 Pine St,Denver,CO,USA,80201,1989-02-30,Female,2023-02-28
60,Sophia,Harris,sophia.harris4@example.com,111-222-3333,654 Cedar St,Seattle,WA,USA,98101,1983-03-05,Female,2023-03-01
61,John,Doe,john.doe5@example.com,123-456-7890,123 Elm St,Springfield,IL,USA,62701,1985-01-15,Male,2023-03-02
62,Jane,Smith,jane.smith5@example.com,987-654-3210,456 Maple St,Columbus,OH,USA,43215,1990-02-20,Female,2023-03-03
63,Jim,Beam,jim.beam5@example.com,555-123-4567,789 Oak St,Austin,TX,USA,73301,1982-03-25,Male,2023-03-04
64,Alice,Johnson,alice.johnson5@example.com,111-222-3333,321 Pine St,Denver,CO,USA,80201,1995-04-10,Female,2023-03-05
65,Bob,Brown,bob.brown5@example.com,444-555-6666,654 Cedar St,Seattle,WA,USA,98101,1988-05-05,Male,2023-03-06
66,Charlie,Davis,charlie.davis5@example.com,222-333-4444,789 Birch St,San Francisco,CA,USA,94101,1992-06-15,Male,2023-03-07
67,Diana,Evans,diana.evans5@example.com,333-444-5555,321 Chestnut St,New York,NY,USA,10001,1989-07-20,Female,2023-03-08
68,Eve,Wilson,eve.wilson5@example.com,444-555-6666,456 Willow St,Los Angeles,CA,USA,90001,1993-08-25,Female,2023-03-09
69,Frank,Garcia,frank.garcia5@example.com,555-666-7777,123 Peach St,Chicago,IL,USA,60601,1987-09-30,Male,2023-03-10
70,Grace,Miller,grace.miller5@example.com,666-777-8888,789 Pear St,Houston,TX,USA,77001,1994-10-10,Female,2023-03-11
71,Linda,Anderson,linda.anderson5@example.com,777-888-9999,321 Elm St,Springfield,IL,USA,62701,1986-11-15,Female,2023-03-12
72,Tom,Thomas,tom.thomas5@example.com,888-999-0000,456 Maple St,Columbus,OH,USA,43215,1985-12-20,Male,2023-03-13
73,Jerry,Jackson,jerry.jackson5@example.com,999-000-1111,789 Oak St,Austin,TX,USA,73301,1984-01-25,Male,2023-03-14
74,Anna,Lee,anna.lee5@example.com,000-111-2222,321 Pine St,Denver,CO,USA,80201,1989-02-30,Female,2023-03-15
75,Sophia,Harris,sophia.harris5@example.com,111-222-3333,654 Cedar St,Seattle,WA,USA,98101,1983-03-05,Female,2023-03-16
76,John,Doe,john.doe6@example.com,123-456-7890,123 Elm St,Springfield,IL,USA,62701,1985-01-15,Male,2023-03-17
77,Jane,Smith,jane.smith6@example.com,987-654-3210,456 Maple St,Columbus,OH,USA,43215,1990-02-20,Female,2023-03-18
78,Jim,Beam,jim.beam6@example.com,555-123-4567,789 Oak St,Austin,TX,USA,73301,1982-03-25,Male,2023-03-19
79,Alice,Johnson,alice.johnson6@example.com,111-222-3333,321 Pine St,Denver,CO,USA,80201,1995-04-10,Female,2023-03-20
80,Bob,Brown,bob.brown6@example.com,444-555-6666,654 Cedar St,Seattle,WA,USA,98101,1988-05-05,Male,2023-03-21
81,Charlie,Davis,charlie.davis6@example.com,222-333-4444,789 Birch St,San Francisco,CA,USA,94101,1992-06-15,Male,2023-03-22
82,Diana,Evans,diana.evans6@example.com,333-444-5555,321 Chestnut St,New York,NY,USA,10001,1989-07-20,Female,2023-03-23
83,Eve,Wilson,eve.wilson6@example.com,444-555-6666,456 Willow St,Los Angeles,CA,USA,90001,1993-08-25,Female,2023-03-24
84,Frank,Garcia,frank.garcia6@example.com,555-666-7777,123 Peach St,Chicago,IL,USA,60601,1987-09-30,Male,2023-03-25
85,Grace,Miller,grace.miller6@example.com,666-777-8888,789 Pear St,Houston,TX,USA,77001,1994-10-10,Female,2023-03-26
86,Linda,Anderson,linda.anderson6@example.com,777-888-9999,321 Elm St,Springfield,IL,USA,62701,1986-11-15,Female,2023-03-27
87,Tom,Thomas,tom.thomas6@example.com,888-999-0000,456 Maple St,Columbus,OH,USA,43215,1985-12-20,Male,2023-03-28
88,Jerry,Jackson,jerry.jackson6@example.com,999-000-1111,789 Oak St,Austin,TX,USA,73301,1984-01-25,Male,2023-03-29
89,Anna,Lee,anna.lee6@example.com,000-111-2222,321 Pine St,Denver,CO,USA,80201,1989-02-30,Female,2023-03-30
90,Sophia,Harris,sophia.harris6@example.com,111-222-3333,654 Cedar St,Seattle,WA,USA,98101,1983-03-05,Female,2023-03-31
91,John,Doe,john.doe7@example.com,123-456-7890,123 Elm St,Springfield,IL,USA,62701,1985-01-15,Male,2023-04-01
92,Jane,Smith,jane.smith7@example.com,987-654-3210,456 Maple St,Columbus,OH,USA,43215,1990-02-20,Female,2023-04-02
93,Jim,Beam,jim.beam7@example.com,555-123-4567,789 Oak St,Austin,TX,USA,73301,1982-03-25,Male,2023-04-03
94,Alice,Johnson,alice.johnson7@example.com,111-222-3333,321 Pine St,Denver,CO,USA,80201,1995-04-10,Female,2023-04-04
95,Bob,Brown,bob.brown7@example.com,444-555-6666,654 Cedar St,Seattle,WA,USA,98101,1988-05-05,Male,2023-04-05
96,Charlie,Davis,charlie.davis7@example.com,222-333-4444,789 Birch St,San Francisco,CA,USA,94101,1992-06-15,Male,2023-04-06
97,Diana,Evans,diana.evans7@example.com,333-444-5555,321 Chestnut St,New York,NY,USA,10001,1989-07-20,Female,2023-04-07
98,Eve,Wilson,eve.wilson7@example.com,444-555-6666,456 Willow St,Los Angeles,CA,USA,90001,1993-08-25,Female,2023-04-08
99,Frank,Garcia,frank.garcia7@example.com,555-666-7777,123 Peach St,Chicago,IL,USA,60601,1987-09-30,Male,2023-04-09
100,Grace,Miller,grace.miller7@example.com,666-777-8888,789 Pear St,Houston,TX,USA,77001,1994-10-10,Female,2023-04-10
101,Linda,Anderson,linda.anderson7@example.com,777-888-9999,321 Elm St,Springfield,IL,USA,62701,1986-11-15,Female,2023-04-11
102,Tom,Thomas,tom.thomas7@example.com,888-999-0000,456 Maple St,Columbus,OH,USA,43215,1985-12-20,Male,2023-04-12
103,Jerry,Jackson,jerry.jackson7@example.com,999-000-1111,789 Oak St,Austin,TX,USA,73301,1984-01-25,Male,2023-04-13
104,Anna,Lee,anna.lee7@example.com,000-111-2222,321 Pine St,Denver,CO,USA,80201,1989-02-30,Female,2023-04-14
105,Sophia,Harris,sophia.harris7@example.com,111-222-3333,654 Cedar St,Seattle,WA,USA,98101,1983-03-05,Female,2023-04-15
106,John,Doe,john.doe8@example.com,123-456-7890,123 Elm St,Springfield,IL,USA,62701,1985-01-15,Male,2023-04-16
107,Jane,Smith,jane.smith8@example.com,987-654-3210,456 Maple St,Columbus,OH,USA,43215,1990-02-20,Female,2023-04-17
108,Jim,Beam,jim.beam8@example.com,555-123-4567,789 Oak St,Austin,TX,USA,73301,1982-03-25,Male,2023-04-18
109,Alice,Johnson,alice.johnson8@example.com,111-222-3333,321 Pine St,Denver,CO,USA,80201,1995-04-10,Female,2023-04-19
110,Bob,Brown,bob.brown8@example.com,444-555-6666,654 Cedar St,Seattle,WA,USA,98101,1988-05-05,Male,2023-04-20
111,Charlie,Davis,charlie.davis8@example.com,222-333-4444,789 Birch St,San Francisco,CA,USA,94101,1992-06-15,Male,2023-04-21
112,Diana,Evans,diana.evans8@example.com,333-444-5555,321 Chestnut St,New York,NY,USA,10001,1989-07-20,Female,2023-04-22
113,Eve,Wilson,eve.wilson8@example.com,444-555-6666,456 Willow St,Los Angeles,CA,USA,90001,1993-08-25,Female,2023-04-23
114,Frank,Garcia,frank.garcia8@example.com,555-666-7777,123 Peach St,Chicago,IL,USA,60601,1987-09-30,Male,2023-04-24
115,Grace,Miller,grace.miller8@example.com,666-777-8888,789 Pear St,Houston,TX,USA,77001,1994-10-10,Female,2023-04-25
116,Linda,Anderson,linda.anderson8@example.com,777-888-9999,321 Elm St,Springfield,IL,USA,62701,1986-11-15,Female,2023-04-26
117,Tom,Thomas,tom.thomas8@example.com,888-999-0000,456 Maple St,Columbus,OH,USA,43215,1985-12-20,Male,2023-04-27
118,Jerry,Jackson,jerry.jackson8@example.com,999-000-1111,789 Oak St,Austin,TX,USA,73301,1984-01-25,Male,2023-04-28
119,Anna,Lee,anna.lee8@example.com,000-111-2222,321 Pine St,Denver,CO,USA,80201,1989-02-30,Female,2023-04-29
120,Sophia,Harris,sophia.harris8@example.com,111-222-3333,654 Cedar St,Seattle,WA,USA,98101,1983-03-05,,
121,John,Doe,john.doe9@example.com,123-456-7890,123 Elm St,Springfield,IL,USA,62701,1985-01-15,Male,2023-04-30
122,Jane,Smith,jane.smith9@example.com,987-654-3210,456 Maple St,Columbus,OH,USA,43215,1990-02-20,Female,2023-05-01
123,Jim,Beam,jim.beam9@example.com,555-123-4567,789 Oak St,Austin,TX,USA,73301,1982-03-25,Male,2023-05-02
124,Alice,Johnson,alice.johnson9@example.com,111-222-3333,321 Pine St,Denver,CO,USA,80201,1995-04-10,Female,2023-05-03
125,Bob,Brown,bob.brown9@example.com,444-555-6666,654 Cedar St,Seattle,WA,USA,98101,1988-05-05,Male,2023-05-04
126,Charlie,Davis,charlie.davis9@example.com,222-333-4444,789 Birch St,San Francisco,CA,USA,94101,1992-06-15,Male,2023-05-05
127,Diana,Evans,diana.evans9@example.com,333-444-5555,321 Chestnut St,New York,NY,USA,10001,1989-07-20,Female,2023-05-06
128,Eve,Wilson,eve.wilson9@example.com,444-555-6666,456 Willow St,Los Angeles,CA,USA,90001,1993-08-25,Female,2023-05-07
129,Frank,Garcia,frank.garcia9@example.com,555-666-7777,123 Peach St,Chicago,IL,USA,60601,1987-09-30,Male,2023-05-08
130,Grace,Miller,grace.miller9@example.com,666-777-8888,789 Pear St,Houston,TX,USA,77001,1994-10-10,Female,2023-05-09
131,Linda,Anderson,linda.anderson9@example.com,777-888-9999,321 Elm St,Springfield,IL,USA,62701,1986-11-15,Female,2023-05-10
132,Tom,Thomas,tom.thomas9@example.com,888-999-0000,456 Maple St,Columbus,OH,USA,43215,1985-12-20,Male,2023-05-11
133,Jerry,Jackson,jerry.jackson9@example.com,999-000-1111,789 Oak St,Austin,TX,USA,73301,1984-01-25,Male,2023-05-12
134,Anna,Lee,anna.lee9@example.com,000-111-2222,321 Pine St,Denver,CO,USA,80201,1989-02-30,Female,2023-05-13
135,Sophia,Harris,sophia.harris9@example.com,111-222-3333,654 Cedar St,Seattle,WA,USA,98101,1983-03-05,Female,2023-05-14
136,John,Doe,john.doe10@example.com,123-456-7890,123 Elm St,Springfield,IL,USA,62701,1985-01-15,Male,2023-05-15
137,Jane,Smith,jane.smith10@example.com,987-654-3210,456 Maple St,Columbus,OH,USA,43215,1990-02-20,Female,2023-05-16
138,Jim,Beam,jim.beam10@example.com,555-123-4567,789 Oak St,Austin,TX,USA,73301,1982-03-25,Male,2023-05-17
139,Alice,Johnson,alice.johnson10@example.com,111-222-3333,321 Pine St,Denver,CO,USA,80201,1995-04-10,Female,2023-05-18
140,Bob,Brown,bob.brown10@example.com,444-555-6666,654 Cedar St,Seattle,WA,USA,98101,1988-05-05,Male,2023-05-19
141,Charlie,Davis,charlie.davis10@example.com,222-333-4444,789 Birch St,San Francisco,CA,USA,94101,1992-06-15,Male,2023-05-20
142,Diana,Evans,diana.evans10@example.com,333-444-5555,321 Chestnut St,New York,NY,USA,10001,1989-07-20,Female,2023-05-21
143,Eve,Wilson,eve.wilson10@example.com,444-555-6666,456 Willow St,Los Angeles,CA,USA,90001,1993-08-25,Female,2023-05-22
144,Frank,Garcia,frank.garcia10@example.com,555-666-7777,123 Peach St,Chicago,IL,USA,60601,1987-09-30,Male,2023-05-23
145,Grace,Miller,grace.miller10@example.com,666-777-8888,789 Pear St,Houston,TX,USA,77001,1994-10-10,Female,2023-05-24
146,Linda,Anderson,linda.anderson10@example.com,777-888-9999,321 Elm St,Springfield,IL,USA,62701,1986-11-15,Female,2023-05-25
147,Tom,Thomas,tom.thomas10@example.com,888-999-0000,456 Maple St,Columbus,OH,USA,43215,1985-12-20,Male,2023-05-26
148,Jerry,Jackson,jerry.jackson10@example.com,999-000-1111,789 Oak St,Austin,TX,USA,73301,1984-01-25,Male,2023-05-27
149,Anna,Lee,anna.lee10@example.com,000-111-2222,321 Pine St,Denver,CO,USA,80201,1989-02-28,Female,2023-05-28
150,Sophia,Harris,sophia.harris10@example.com,111-222-3333,654 Cedar St,Seattle,WA,USA,98101,1983-03-05,Female,2023-05-29
151,John,Doe,john.doe11@example.com,123-456-7890,123 Elm St,Springfield,IL,USA,62701,1985-01-15,Male,2023-05-30
152,Jane,Smith,jane.smith11@example.com,987-654-3210,456 Maple St,Columbus,OH,USA,43215,1990-02-20,Female,2023-05-31
153,Jim,Beam,jim.beam11@example.com,555-123-4567,789 Oak St,Austin,TX,USA,73301,1982-03-25,Male,2023-06-01
154,Alice,Johnson,alice.johnson11@example.com,111-222-3333,321 Pine St,Denver,CO,USA,80201,1995-04-10,Female,2023-06-02
155,Bob,Brown,bob.brown11@example.com,444-555-6666,654 Cedar St,Seattle,WA,USA,98101,1988-05-05,Male,2023-06-03
156,Charlie,Davis,charlie.davis11@example.com,222-333-4444,789 Birch St,San Francisco,CA,USA,94101,1992-06-15,Male,2023-06-04
157,Diana,Evans,diana.evans11@example.com,333-444-5555,321 Chestnut St,New York,NY,USA,10001,1989-07-20,Female,2023-06-05
158,Eve,Wilson,eve.wilson11@example.com,444-555-6666,456 Willow St,Los Angeles,CA,USA,90001,1993-08-25,Female,2023-06-06
159,Frank,Garcia,frank.garcia11@example.com,555-666-7777,123 Peach St,Chicago,IL,USA,60601,1987-09-30,Male,2023-06-07
160,Grace,Miller,grace.miller11@example.com,666-777-8888,789 Pear St,Houston,TX,USA,77001,1994-10-10,Female,2023-06-08
161,Linda,Anderson,linda.anderson11@example.com,777-888-9999,321 Elm St,Springfield,IL,USA,62701,1986-11-15,Female,2023-06-09
162,Tom,Thomas,tom.thomas11@example.com,888-999-0000,456 Maple St,Columbus,OH,USA,43215,1985-12-20,Male,2023-06-10
163,Jerry,Jackson,jerry.jackson11@example.com,999-000-1111,789 Oak St,Austin,TX,USA,73301,1984-01-25,Male,2023-06-11
164,Anna,Lee,anna.lee11@example.com,000-111-2222,321 Pine St,Denver,CO,USA,80201,1989-02-28,Female,2023-06-12
165,Sophia,Harris,sophia.harris11@example.com,111-222-3333,654 Cedar St,Seattle,WA,USA,98101,1983-03-05,Female,2023-06-13
166,John,Doe,john.doe12@example.com,123-456-7890,123 Elm St,Springfield,IL,USA,62701,1985-01-15,Male,2023-06-14
167,Jane,Smith,jane.smith12@example.com,987-654-3210,456 Maple St,Columbus,OH,USA,43215,1990-02-20,Female,2023-06-15
168,Jim,Beam,jim.beam12@example.com,555-123-4567,789 Oak St,Austin,TX,USA,73301,1982-03-25,Male,2023-06-16
169,Alice,Johnson,alice.johnson12@example.com,111-222-3333,321 Pine St,Denver,CO,USA,80201,1995-04-10,Female,2023-06-17
170,Bob,Brown,bob.brown12@example.com,444-555-6666,654 Cedar St,Seattle,WA,USA,98101,1988-05-05,Male,2023-06-18
171,Charlie,Davis,charlie.davis12@example.com,222-333-4444,789 Birch St,San Francisco,CA,USA,94101,1992-06-15,Male,2023-06-19
172,Diana,Evans,diana.evans12@example.com,333-444-5555,321 Chestnut St,New York,NY,USA,10001,1989-07-20,Female,2023-06-20
173,Eve,Wilson,eve.wilson12@example.com,444-555-6666,456 Willow St,Los Angeles,CA,USA,90001,1993-08-25,Female,2023-06-21
174,Frank,Garcia,frank.garcia12@example.com,555-666-7777,123 Peach St,Chicago,IL,USA,60601,1987-09-30,Male,2023-06-22
175,Grace,Miller,grace.miller12@example.com,666-777-8888,789 Pear St,Houston,TX,USA,77001,1994-10-10,Female,2023-06-23
176,Linda,Anderson,linda.anderson12@example.com,777-888-9999,321 Elm St,Springfield,IL,USA,62701,1986-11-15,Female,2023-06-24
177,Tom,Thomas,tom.thomas12@example.com,888-999-0000,456 Maple St,Columbus,OH,USA,43215,1985-12-20,Male,2023-06-25
178,Jerry,Jackson,jerry.jackson12@example.com,999-000-1111,789 Oak St,Austin,TX,USA,73301,1984-01-25,Male,2023-06-26
179,Anna,Lee,anna.lee12@example.com,000-111-2222,321 Pine St,Denver,CO,USA,80201,1989-02-28,Female,2023-06-27
180,Sophia,Harris,sophia.harris12@example.com,111-222-3333,654 Cedar St,Seattle,WA,USA,98101,1983-03-05,Female,2023-06-28
181,John,Doe,john.doe13@example.com,123-456-7890,123 Elm St,Springfield,IL,USA,62701,1985-01-15,Male,2023-06-29
182,Jane,Smith,jane.smith13@example.com,987-654-3210,456 Maple St,Columbus,OH,USA,43215,1990-02-20,Female,2023-06-30
183,Jim,Beam,jim.beam13@example.com,555-123-4567,789 Oak St,Austin,TX,USA,73301,1982-03-25,Male,2023-07-01
184,Alice,Johnson,alice.johnson13@example.com,111-222-3333,321 Pine St,Denver,CO,USA,80201,1995-04-10,Female,2023-07-02
185,Bob,Brown,bob.brown13@example.com,444-555-6666,654 Cedar St,Seattle,WA,USA,98101,1988-05-05,Male,2023-07-03
186,Charlie,Davis,charlie.davis13@example.com,222-333-4444,789 Birch St,San Francisco,CA,USA,94101,1992-06-15,Male,2023-07-04
187,Diana,Evans,diana.evans13@example.com,333-444-5555,321 Chestnut St,New York,NY,USA,10001,1989-07-20,Female,2023-07-05
188,Eve,Wilson,eve.wilson13@example.com,444-555-6666,456 Willow St,Los Angeles,CA,USA,90001,1993-08-25,Female,2023-07-06
189,Frank,Garcia,frank.garcia13@example.com,555-666-7777,123 Peach St,Chicago,IL,USA,60601,1987-09-30,Male,2023-07-07
190,Grace,Miller,grace.miller13@example.com,666-777-8888,789 Pear St,Houston,TX,USA,77001,1994-10-10,Female,2023-07-08
191,Linda,Anderson,linda.anderson13@example.com,777-888-9999,321 Elm St,Springfield,IL,USA,62701,1986-11-15,Female,2023-07-09
192,Tom,Thomas,tom.thomas13@example.com,888-999-0000,456 Maple St,Columbus,OH,USA,43215,1985-12-20,Male,2023-07-10
193,Jerry,Jackson,jerry.jackson13@example.com,999-000-1111,789 Oak St,Austin,TX,USA,73301,1984-01-25,Male,2023-07-11
194,Anna,Lee,anna.lee13@example.com,000-111-2222,321 Pine St,Denver,CO,USA,80201,1989-02-28,Female,2023-07-12
195,Sophia,Harris,sophia.harris13@example.com,111-222-3333,654 Cedar St,Seattle,WA,USA,98101,1983-03-05,Female,2023-07-13
196,John,Doe,john.doe14@example.com,123-456-7890,123 Elm St,Springfield,IL,USA,62701,1985-01-15,Male,2023-07-14
197,Jane,Smith,jane.smith14@example.com,987-654-3210,456 Maple St,Columbus,OH,USA,43215,1990-02-20,Female,2023-07-15
198,Jim,Beam,jim.beam14@example.com,555-123-4567,789 Oak St,Austin,TX,USA,73301,1982-03-25,Male,2023-07-16
199,Alice,Johnson,alice.johnson14@example.com,111-222-3333,321 Pine St,Denver,CO,USA,80201,1995-04-10,Female,2023-07-17
200,Bob,Brown,bob.brown14@example.com,444-555-6666,654 Cedar St,Seattle,WA,USA,98101,1988-05-05,Male,2023-07-18
